id, gameType, round, trial, timestamp, time, mouseX, mouseY, position, effectDelay, startRT, endRT, RT, status, middleOrbExitCount;
9428, rld, 0, 1, 12:59:26.433, 31.52308, -2.654485, -0.1175016, left, 0, 25.00539, 31.52308, 6.517687, 1, 0;
9428, rld, 0, 2, 12:59:32.498, 37.5903, 2.718117, 0.02272563, right, 0.6, 36.26953, 37.5903, 1.320774, 1, 0;
9428, rld, 0, 3, 12:59:39.354, 44.44549, -2.527859, -0.02149863, left, 0, 43.14145, 44.44549, 1.304043, 1, 0;
9428, rld, 0, 4, 12:59:41.550, 46.64165, 2.69082, -0.09124117, right, 0.6, 45.95437, 46.64165, 0.6872864, 1, 0;
9428, rld, 0, 5, 12:59:49.272, 54.36363, 2.672646, -0.01244802, right, 0.6, 51.59272, 54.36363, 2.770912, 1, 0;
9428, rld, 0, 6, 12:59:56.902, 61.99395, -2.745452, 0.03159028, left, 0, 60.60651, 61.99395, 1.38744, 1, 0;
9428, rld, 0, 7, 13:00:03.082, 68.17403, 2.736335, 0.02278663, right, 0.6, 67.02004, 68.17403, 1.153992, 1, 1;
9428, rld, 0, 8, 13:00:12.921, 78.013, -2.827707, 0.005507749, left, 0, 77.03405, 78.013, 0.9789505, 1, 0;
9428, rld, 0, 9, 13:00:15.109, 80.20083, 2.636341, 0.03120655, right, 0.6, 79.26765, 80.20083, 0.9331818, 1, 0;
9428, rld, 0, 10, 13:00:17.918, 83.00958, -2.482836, -0.03901244, left, 0, 82.19308, 83.00958, 0.8165054, 1, 0;
9428, rld, 1, 1, 13:00:50.552, 115.6437, -2.700043, -0.04742939, left, 0, 114.923, 115.6437, 0.7206879, 1, 0;
9428, rld, 1, 2, 13:00:52.635, 117.7273, -2.645425, 0.01373952, left, 0, 116.8984, 117.7273, 0.8289413, 1, 0;
9428, rld, 1, 3, 13:00:56.053, 121.1445, 2.677308, -0.009516614, right, 0.6, 120.2071, 121.1445, 0.937355, 1, 1;
9428, rld, 1, 4, 13:00:58.657, 123.7491, 2.582017, -0.01265401, right, 0.6, 122.9159, 123.7491, 0.8331299, 1, 0;
9428, rld, 1, 5, 13:01:01.071, 126.1619, 2.591059, -0.01263354, right, 0.6, 125.4788, 126.1619, 0.683136, 1, 0;
9428, rld, 1, 6, 13:01:03.507, 128.5998, 2.678679, -0.00367576, right, 0.6, 127.8666, 128.5998, 0.7331696, 1, 0;
9428, rld, 1, 7, 13:01:05.895, 130.9876, 2.709002, 0.04022634, right, 0.6, 130.3629, 130.9876, 0.6247559, 1, 0;
9428, rld, 1, 8, 13:01:08.421, 133.513, 2.901131, -0.02070511, right, 0.6, 132.6799, 133.513, 0.8331299, 1, 0;
9428, rld, 1, 9, 13:01:11.755, 136.8468, -2.681739, -0.01242537, left, 0, 136.0636, 136.8468, 0.7832031, 1, 1;
9428, rld, 1, 10, 13:01:13.863, 138.9555, 2.836862, -0.08241016, right, 0.6, 138.1848, 138.9555, 0.7706757, 1, 0;
9428, rld, 1, 11, 13:01:16.343, 141.435, -2.563966, 0.004768516, left, 0, 140.5935, 141.435, 0.8414917, 1, 0;
9428, rld, 1, 12, 13:01:18.360, 143.452, 2.791094, -0.04729944, right, 0.6, 142.7189, 143.452, 0.7331085, 1, 0;
9428, rld, 1, 13, 13:01:20.753, 145.844, 2.572977, -0.003942707, right, 0.6, 145.0734, 145.844, 0.7706146, 1, 0;
9428, rld, 1, 14, 13:01:23.707, 148.7986, -2.672653, -0.02995748, left, 0, 147.9321, 148.7986, 0.8665619, 1, 0;
9428, rld, 1, 15, 13:01:25.637, 150.7281, -2.636356, 0.06620236, left, 0, 150.0283, 150.7281, 0.6998444, 1, 0;
9428, rld, 1, 16, 13:01:27.474, 152.5659, 2.699567, -0.02114456, right, 0.6, 151.8286, 152.5659, 0.7372894, 1, 0;
9428, rld, 1, 17, 13:01:29.728, 154.8204, 2.791094, -0.003381656, right, 0.6, 154.2248, 154.8204, 0.5955505, 1, 0;
9428, rld, 1, 18, 13:01:32.153, 157.2457, -2.572999, -0.03887183, left, 0, 156.4585, 157.2457, 0.7872467, 1, 0;
9428, rld, 1, 19, 13:01:34.030, 159.121, -2.636356, 0.07495137, left, 0, 158.4588, 159.121, 0.6622314, 1, 0;
9428, rld, 1, 20, 13:01:35.696, 160.788, -2.609177, -0.02133317, left, 0, 160.1716, 160.788, 0.616394, 1, 0;
9428, rld, 1, 21, 13:01:37.446, 162.5382, -2.572999, 0.02225909, left, 0, 161.8175, 162.5382, 0.7206573, 1, 0;
9428, rld, 1, 22, 13:01:39.230, 164.3218, 2.873557, -0.1264089, right, 0.6, 163.6095, 164.3218, 0.7123566, 1, 0;
9428, rld, 1, 23, 13:01:41.747, 166.8389, 2.45586, 0.004483437, right, 0.6, 166.2349, 166.8389, 0.6039276, 1, 0;
9428, rld, 1, 24, 13:01:44.238, 169.3309, -2.681737, 0.03136652, left, 0, 168.5811, 169.3309, 0.7498322, 1, 0;
9428, rld, 1, 25, 13:01:45.931, 171.0228, -2.654494, 0.04877564, left, 0, 170.3647, 171.0228, 0.6581421, 1, 0;
9428, rld, 1, 26, 13:01:47.635, 172.7272, 2.699907, -0.09999891, right, 0.6, 172.0773, 172.7272, 0.6499786, 1, 0;
9428, rld, 1, 27, 13:01:50.086, 175.1776, 2.699907, 0.05771947, right, 0.6, 174.4153, 175.1776, 0.7623444, 1, 0;
9428, rld, 1, 28, 13:01:52.291, 177.3821, 2.591058, 0.05726784, right, 0.6, 176.7782, 177.3821, 0.6039276, 1, 0;
9428, rld, 1, 29, 13:01:54.666, 179.7575, -2.591076, 0.03105422, left, 0, 178.9702, 179.7575, 0.787262, 1, 0;
9428, rld, 1, 30, 13:01:56.345, 181.4369, -2.536886, 0.1006862, left, 0, 180.8038, 181.4369, 0.6331024, 1, 0;
9428, rld, 1, 31, 13:01:58.083, 183.1747, 2.818542, 0.08460748, right, 0.6, 182.4707, 183.1747, 0.7039948, 1, 0;
9428, rld, 1, 32, 13:02:00.154, 185.2458, 2.536871, -0.05637804, right, 0.6, 184.7336, 185.2458, 0.512207, 1, 0;
9428, rld, 1, 33, 13:02:02.412, 187.5045, 2.690812, 0.01387752, right, 0.6, 186.8589, 187.5045, 0.6455994, 1, 0;
9428, rld, 1, 34, 13:02:04.672, 189.7632, -2.718123, -0.02110595, left, 0, 189.0883, 189.7632, 0.6748352, 1, 0;
9428, rld, 1, 35, 13:02:06.379, 191.4717, -2.437918, 0.02184508, left, 0, 190.8012, 191.4717, 0.670578, 1, 0;
9428, rld, 1, 36, 13:02:07.984, 193.0761, -2.66357, 0.06632199, left, 0, 192.4681, 193.0761, 0.6080627, 1, 0;
9428, rld, 1, 37, 13:02:09.656, 194.7472, 2.672638, -0.03871233, right, 0.6, 194.0724, 194.7472, 0.6748657, 1, 0;
9428, rld, 1, 38, 13:02:12.273, 197.3643, -2.509845, -0.05640717, left, 0, 196.6061, 197.3643, 0.7581482, 1, 0;
9428, rld, 1, 39, 13:02:13.931, 199.0229, -2.827713, 0.01430221, left, 0, 198.3857, 199.0229, 0.6372375, 1, 0;
9428, rld, 1, 40, 13:02:15.723, 200.8148, 2.590953, 0.03105311, right, 0.6, 200.0108, 200.8148, 0.8040161, 1, 0;
9428, rld, 1, 41, 13:02:18.077, 203.1693, -2.591075, -0.09999844, left, 0, 202.3861, 203.1693, 0.7831879, 1, 0;
9428, rld, 1, 42, 13:02:19.840, 204.9321, 2.672638, 0.04884772, right, 0.6, 204.1906, 204.9321, 0.7415314, 1, 0;
9428, rld, 1, 43, 13:02:22.462, 207.5533, 2.763693, 0.08432855, right, 0.6, 206.8036, 207.5533, 0.7497711, 1, 0;
9428, rld, 1, 44, 13:02:25.129, 210.2204, 2.627274, -0.0562764, right, 0.6, 209.1371, 210.2204, 1.083298, 1, 0;
9428, rld, 1, 45, 13:02:27.450, 212.5416, -2.509845, -0.1261538, left, 0, 211.7876, 212.5416, 0.7540283, 1, 0;
9428, rld, 1, 46, 13:02:29.163, 214.2543, 2.572983, -0.003941261, right, 0.6, 213.5338, 214.2543, 0.7205963, 1, 0;
9428, rld, 1, 47, 13:02:31.409, 216.5005, 2.736329, -0.09999812, right, 0.6, 215.884, 216.5005, 0.6164856, 1, 0;
9428, rld, 1, 48, 13:02:33.767, 218.8592, -2.509845, -0.004094661, left, 0, 218.101, 218.8592, 0.758194, 1, 0;
9428, rld, 1, 49, 13:02:35.468, 220.5595, -2.446894, 0.02187325, left, 0, 219.9013, 220.5595, 0.6581573, 1, 0;
9428, rld, 1, 50, 13:02:37.068, 222.1597, -2.69992, 0.01390473, left, 0, 221.5763, 222.1597, 0.5834503, 1, 0;
9428, rld, 1, 51, 13:02:38.834, 223.9266, 2.718107, -0.02987185, right, 0.6, 223.1515, 223.9266, 0.775116, 1, 0;
9428, rld, 1, 52, 13:02:41.360, 226.452, -2.609171, -0.01259107, left, 0, 225.7064, 226.452, 0.7455902, 1, 0;
9428, rld, 1, 53, 13:02:42.997, 228.0898, 2.645406, -0.1174958, right, 0.6, 227.44, 228.0898, 0.6498108, 1, 0;
9428, rld, 1, 54, 13:02:45.353, 230.4443, 2.736327, 0.03155834, right, 0.6, 229.7112, 230.4443, 0.7330627, 1, 0;
9428, rld, 1, 55, 13:02:47.645, 232.7363, -2.536887, -0.03020335, left, 0, 232.0195, 232.7363, 0.7167816, 1, 0;
9428, rld, 1, 56, 13:02:49.419, 234.5116, -2.681739, 0.06640305, left, 0, 233.7367, 234.5116, 0.7748566, 1, 0;
9428, rld, 1, 57, 13:02:51.162, 236.2535, 2.588042, -0.02137559, right, 0.6, 235.512, 236.2535, 0.7414551, 1, 0;
9428, rld, 1, 58, 13:02:53.595, 238.6872, -2.536926, 0.004697312, left, 0, 237.8458, 238.6872, 0.8413849, 1, 0;
9428, rld, 1, 59, 13:02:55.367, 240.4583, -2.663571, -0.1262569, left, 0, 239.7167, 240.4583, 0.7416229, 1, 0;
9428, rld, 1, 60, 13:02:57.083, 242.1752, -2.645419, 0.02249019, left, 0, 241.4379, 242.1752, 0.737381, 1, 0;
9428, rld, 2, 1, 13:03:29.492, 274.5843, 2.707956, 0.01392971, right, 0.6, 273.8513, 274.5843, 0.7330322, 1, 0;
9428, rld, 2, 2, 13:03:31.901, 276.993, -2.536889, -0.02147806, left, 0, 276.3057, 276.993, 0.6872559, 1, 0;
9428, rld, 2, 3, 13:03:33.701, 278.7933, -2.791115, -0.02973146, left, 0, 278.0268, 278.7933, 0.76651, 1, 0;
9428, rld, 2, 4, 13:03:35.464, 280.556, -2.727234, -0.0210861, left, 0, 279.8229, 280.556, 0.7331238, 1, 0;
9428, rld, 2, 5, 13:03:37.215, 282.3063, 2.864375, 0.01442141, right, 0.6, 281.5857, 282.3063, 0.7205811, 1, 0;
9428, rld, 2, 6, 13:03:39.327, 284.4191, -2.563967, 0.03096318, left, 0, 283.9069, 284.4191, 0.512207, 1, 0;
9428, rld, 2, 7, 13:03:41.048, 286.1402, 2.636335, -0.08250497, right, 0.6, 285.528, 286.1402, 0.6122131, 1, 0;
9428, rld, 2, 8, 13:03:43.449, 288.5406, 2.663553, 0.0838341, right, 0.6, 287.7949, 288.5406, 0.745636, 1, 0;
9428, rld, 2, 9, 13:03:45.879, 290.9701, 2.59106, -0.01263246, right, 0.6, 290.1202, 290.9701, 0.8498535, 1, 0;
9428, rld, 2, 10, 13:03:48.279, 293.3705, 2.609158, 0.04859991, right, 0.6, 292.658, 293.3705, 0.7124329, 1, 0;
9428, rld, 2, 11, 13:03:50.500, 295.5916, 2.609159, 0.05734232, right, 0.6, 294.9002, 295.5916, 0.6914063, 1, 0;
9428, rld, 2, 12, 13:03:52.654, 297.7461, 2.76369, -0.07366894, right, 0.6, 297.188, 297.7461, 0.5581055, 1, 0;
9428, rld, 2, 13, 13:03:56.239, 301.33, -2.581997, 0.01355306, left, 0, 300.6302, 301.33, 0.6998901, 1, 1;
9428, rld, 2, 14, 13:03:57.964, 303.0553, -2.672652, 0.022578, left, 0, 302.4055, 303.0553, 0.6498108, 1, 0;
9428, rld, 2, 15, 13:03:59.722, 304.8139, -2.609176, -0.02133227, left, 0, 304.0891, 304.8139, 0.724823, 1, 0;
9428, rld, 2, 16, 13:04:01.556, 306.6475, -2.627289, -0.01254964, left, 0, 305.8477, 306.6475, 0.7998352, 1, 0;
9428, rld, 2, 17, 13:04:03.176, 308.2686, 2.745447, 0.01404552, right, 0.6, 307.6646, 308.2686, 0.6039428, 1, 0;
9428, rld, 2, 18, 13:04:05.326, 310.4189, 2.800243, -0.04728545, right, 0.6, 309.8773, 310.4189, 0.5415649, 1, 0;
9428, rld, 2, 19, 13:04:08.357, 313.4485, 2.618218, -0.03005626, right, 0.6, 312.9028, 313.4485, 0.5456848, 1, 1;
9428, rld, 2, 20, 13:04:10.707, 315.7989, -2.509843, 0.004625119, left, 0, 315.1325, 315.7989, 0.6663818, 1, 0;
9428, rld, 2, 21, 13:04:12.337, 317.4283, 2.864381, 0.014421, right, 0.6, 316.8076, 317.4283, 0.6207275, 1, 0;
9428, rld, 2, 22, 13:04:14.640, 319.7328, -2.563961, -0.05634698, left, 0, 319.0414, 319.7328, 0.6913757, 1, 0;
9428, rld, 2, 23, 13:04:16.466, 321.5581, 2.600112, -0.03882818, right, 0.6, 320.829, 321.5581, 0.7290649, 1, 0;
9428, rld, 2, 24, 13:04:18.671, 323.7626, -2.527867, 0.02211885, left, 0, 323.1752, 323.7626, 0.5873413, 1, 0;
9428, rld, 2, 25, 13:04:20.304, 325.3961, -2.491838, 0.02200877, left, 0, 324.8005, 325.3961, 0.5956726, 1, 0;
9428, rld, 2, 26, 13:04:21.909, 327.0005, -2.600123, 0.01360606, left, 0, 326.3925, 327.0005, 0.6080627, 1, 0;
9428, rld, 2, 27, 13:04:23.575, 328.6675, 2.800243, 0.04057718, right, 0.6, 328.0011, 328.6675, 0.6663818, 1, 0;
9428, rld, 2, 28, 13:04:25.763, 330.8553, -2.781969, -0.0297494, left, 0, 330.2721, 330.8553, 0.5831909, 1, 0;
9428, rld, 2, 29, 13:04:27.601, 332.6931, 2.818545, -0.1439475, right, 0.6, 331.8725, 332.6931, 0.8205566, 1, 0;
9428, rld, 2, 30, 13:04:30.018, 335.1101, 2.636342, 0.03120864, right, 0.6, 334.2769, 335.1101, 0.8331909, 1, 0;
9428, rld, 2, 31, 13:04:32.290, 337.3813, 2.790738, 0.005401643, right, 0.6, 336.7107, 337.3813, 0.6705627, 1, 0;
9428, rld, 2, 32, 13:04:34.519, 339.6108, -2.303724, 0.0908717, left, 0, 339.0319, 339.6108, 0.5789185, 0, 0;
9428, rld, 2, 33, 13:04:36.328, 341.4194, 2.855208, -0.04720427, right, 0.6, 340.6405, 341.4194, 0.7789001, 1, 0;
9428, rld, 2, 34, 13:04:38.728, 343.8198, 2.763696, 0.005324479, right, 0.6, 343.0616, 343.8198, 0.7581787, 1, 0;
9428, rld, 2, 35, 13:04:41.024, 346.1159, 2.572945, 0.01352551, right, 0.6, 345.412, 346.1159, 0.7038879, 1, 0;
9428, rld, 2, 36, 13:04:43.446, 348.5372, 2.545898, -0.01273333, right, 0.6, 347.879, 348.5372, 0.6581421, 1, 0;
9428, rld, 2, 37, 13:04:45.767, 350.8583, -2.791107, 0.005403365, left, 0, 350.1461, 350.8583, 0.7122498, 1, 0;
9428, rld, 2, 38, 13:04:47.504, 352.5961, 2.727221, 0.01398845, right, 0.6, 351.8505, 352.5961, 0.745636, 1, 0;
9428, rld, 2, 39, 13:04:49.793, 354.884, -2.491835, 0.03944084, left, 0, 354.2426, 354.884, 0.641449, 1, 0;
9428, rld, 2, 40, 13:04:51.521, 356.6134, 2.718112, -0.02987322, right, 0.6, 355.9095, 356.6134, 0.7038879, 1, 0;
9428, rld, 2, 41, 13:04:53.847, 358.9387, -2.536882, 0.08323105, left, 0, 358.3055, 358.9387, 0.6331787, 1, 0;
9428, rld, 2, 42, 13:04:55.539, 360.6306, -2.681734, 0.022608, left, 0, 359.9308, 360.6306, 0.6997986, 1, 0;
9428, rld, 2, 43, 13:04:57.206, 362.2976, -2.473847, -0.04773487, left, 0, 361.6103, 362.2976, 0.6872559, 1, 0;
9428, rld, 2, 44, 13:04:58.860, 363.952, 2.672641, -0.05622228, right, 0.6, 363.2646, 363.952, 0.6873779, 1, 0;
9428, rld, 2, 45, 13:05:01.223, 366.3148, 2.645412, -0.02125799, right, 0.6, 365.6693, 366.3148, 0.6455688, 1, 0;
9428, rld, 2, 46, 13:05:03.765, 368.8569, -2.509841, 0.004624385, left, 0, 367.978, 368.8569, 0.8788757, 1, 0;
9428, rld, 2, 47, 13:05:05.644, 370.7364, -2.572988, -0.01267255, left, 0, 370.0658, 370.7364, 0.6705933, 1, 0;
9428, rld, 2, 48, 13:05:07.244, 372.3366, -2.591074, 0.03105488, left, 0, 371.7368, 372.3366, 0.5997925, 1, 0;
9428, rld, 2, 49, 13:05:08.904, 373.9952, 2.627281, 0.02243201, right, 0.6, 373.3287, 373.9952, 0.6664734, 1, 0;
9428, rld, 2, 50, 13:05:11.120, 376.2122, -2.464856, -0.05645492, left, 0, 375.6041, 376.2122, 0.6080627, 1, 0;
9428, rld, 2, 51, 13:05:12.871, 377.9624, -2.736456, 0.005246804, left, 0, 377.196, 377.9624, 0.7664795, 1, 0;
9428, rld, 2, 52, 13:05:14.541, 379.6335, -2.500837, -0.004116417, left, 0, 378.913, 379.6335, 0.72052, 1, 0;
9428, rld, 2, 53, 13:05:16.237, 381.3296, -2.491835, 0.02200961, left, 0, 380.6341, 381.3296, 0.6955261, 1, 0;
9428, rld, 2, 54, 13:05:17.875, 382.9674, -2.428941, 0.06533249, left, 0, 382.3468, 382.9674, 0.6206055, 1, 0;
9428, rld, 2, 55, 13:05:19.626, 384.7176, 2.572989, -0.01267294, right, 0.6, 383.9887, 384.7176, 0.7289124, 1, 0;
9428, rld, 2, 56, 13:05:22.022, 387.1138, -2.591072, -0.03010667, left, 0, 386.3223, 387.1138, 0.7915039, 1, 0;
9428, rld, 2, 57, 13:05:23.822, 388.9141, 2.57299, -0.09126626, right, 0.6, 388.1101, 388.9141, 0.8039856, 1, 0;
9428, rld, 2, 58, 13:05:26.248, 391.3395, 2.827708, 0.01430407, right, 0.6, 390.5397, 391.3395, 0.7997742, 1, 0;
9428, rld, 2, 59, 13:05:28.543, 393.6357, 2.50984, 0.03078344, right, 0.6, 392.9483, 393.6357, 0.6873169, 1, 0;
9428, rld, 2, 60, 13:05:30.777, 395.8693, -2.591071, -0.02136941, left, 0, 395.2319, 395.8693, 0.6373901, 1, 0;
9428, rld, 3, 1, 13:06:03.194, 428.2867, -2.582029, -0.1262018, left, 0, 427.5203, 428.2867, 0.766449, 1, 0;
9428, rld, 3, 2, 13:06:04.991, 430.0829, -2.736337, -0.03860737, left, 0, 429.3289, 430.0829, 0.7539978, 1, 0;
9428, rld, 3, 3, 13:06:06.650, 431.7414, -2.663565, -0.02122009, left, 0, 431.0332, 431.7414, 0.7081909, 1, 0;
9428, rld, 3, 4, 13:06:08.588, 433.6792, 2.545562, 0.02217353, right, 0.6, 432.7544, 433.6792, 0.9248047, 1, 0;
9428, rld, 3, 5, 13:06:10.875, 435.9671, -2.527864, -0.04766382, left, 0, 435.259, 435.9671, 0.7080994, 1, 0;
9428, rld, 3, 6, 13:06:12.571, 437.6631, 2.690819, -0.03868193, right, 0.6, 436.98, 437.6631, 0.6831665, 1, 0;
9428, rld, 3, 7, 13:06:15.096, 440.1885, -2.582026, -0.04759385, left, 0, 439.4179, 440.1885, 0.7706604, 1, 0;
9428, rld, 3, 8, 13:06:16.822, 441.9138, 2.736335, -0.02983704, right, 0.6, 441.189, 441.9138, 0.724823, 1, 0;
9428, rld, 3, 9, 13:06:19.060, 444.1516, 2.690819, -0.1175167, right, 0.6, 443.5103, 444.1516, 0.6413879, 1, 0;
9428, rld, 3, 10, 13:06:21.335, 446.427, -2.618226, -0.01257092, left, 0, 445.8273, 446.427, 0.5997009, 1, 0;
9428, rld, 3, 11, 13:06:23.093, 448.1856, -2.609169, -0.03881312, left, 0, 447.4316, 448.1856, 0.7539978, 1, 0;
9428, rld, 3, 12, 13:06:24.690, 449.7817, 2.446887, -0.02165516, right, 0.6, 449.1652, 449.7817, 0.6165161, 1, 0;
9428, rld, 3, 13, 13:06:26.844, 451.9362, -2.636348, 0.05745515, left, 0, 451.3447, 451.9362, 0.5914307, 1, 0;
9428, rld, 3, 14, 13:06:28.432, 453.5239, -2.855211, -0.05600365, left, 0, 452.874, 453.5239, 0.6498718, 1, 0;
9428, rld, 3, 15, 13:06:30.570, 455.6617, -2.672647, -0.08248821, left, 0, 454.9453, 455.6617, 0.7163696, 1, 0;
9428, rld, 3, 16, 13:06:32.233, 457.3245, 2.745453, -0.01227454, right, 0.6, 456.6539, 457.3245, 0.6705627, 1, 0;
9428, rld, 3, 17, 13:06:34.441, 459.5331, 2.554589, -0.02144393, right, 0.6, 458.9208, 459.5331, 0.6123047, 1, 0;
9428, rld, 3, 18, 13:06:36.625, 461.7168, -2.554925, 0.02220332, left, 0, 461.1212, 461.7168, 0.5955811, 1, 0;
9428, rld, 3, 19, 13:06:38.375, 463.4671, 2.956419, -0.1088224, right, 0.6, 462.7172, 463.4671, 0.7498779, 1, 0;
9428, rld, 3, 20, 13:06:41.738, 466.8301, -2.636345, 0.01371335, left, 0, 466.0929, 466.8301, 0.7372131, 1, 1;
9428, rld, 3, 21, 13:06:43.380, 468.472, 2.754577, -0.03857663, right, 0.6, 467.8347, 468.472, 0.6373291, 1, 0;
9428, rld, 3, 22, 13:06:45.772, 470.864, -2.727221, -0.02108664, left, 0, 470.1142, 470.864, 0.7498474, 1, 0;
9428, rld, 3, 23, 13:06:47.431, 472.5226, -2.736334, 0.05787504, left, 0, 471.8686, 472.5226, 0.6539917, 1, 0;
9428, rld, 3, 24, 13:06:49.381, 474.4729, 2.910346, 0.01456985, right, 0.6, 473.4939, 474.4729, 0.9790039, 1, 0;
9428, rld, 3, 25, 13:06:51.822, 476.9149, -2.518847, -0.05639734, left, 0, 476.1735, 476.9149, 0.7414551, 1, 0;
9428, rld, 3, 26, 13:06:53.506, 478.5985, 2.781966, 0.01415906, right, 0.6, 477.8821, 478.5985, 0.7164001, 1, 0;
9428, rld, 3, 27, 13:06:55.769, 480.8614, -2.455867, -0.05646529, left, 0, 480.2075, 480.8614, 0.6539307, 1, 0;
9428, rld, 3, 28, 13:06:57.386, 482.4783, 2.681731, 0.005091231, right, 0.6, 481.8369, 482.4783, 0.6413879, 1, 0;
9428, rld, 3, 29, 13:06:59.878, 484.9703, 2.554579, 0.004419629, right, 0.6, 484.0997, 484.9703, 0.870636, 1, 0;
9428, rld, 3, 30, 13:07:02.141, 487.2332, 2.77283, 0.03169004, right, 0.6, 486.5876, 487.2332, 0.6456299, 1, 0;
9428, rld, 3, 31, 13:07:04.351, 489.4418, 2.699915, -0.04742976, right, 0.6, 488.842, 489.4418, 0.5997925, 1, 0;
9428, rld, 3, 32, 13:07:06.587, 491.6797, -2.482836, 0.08298223, left, 0, 491.0591, 491.6797, 0.6205444, 1, 0;
9428, rld, 3, 33, 13:07:08.263, 493.3549, 2.6998, 0.005141051, right, 0.6, 492.6926, 493.3549, 0.662323, 1, 0;
9428, rld, 3, 34, 13:07:10.580, 495.672, -2.563955, 0.07462549, left, 0, 494.9513, 495.672, 0.7206726, 1, 0;
9428, rld, 3, 35, 13:07:12.105, 497.1972, 2.582029, -0.0563265, right, 0.6, 496.6099, 497.1972, 0.5873108, 1, 0;
9428, rld, 3, 36, 13:07:14.355, 499.4476, -2.69082, -0.01240272, left, 0, 498.7852, 499.4476, 0.662323, 1, 0;
9428, rld, 3, 37, 13:07:15.889, 500.9811, -2.645414, -0.03000755, left, 0, 500.3813, 500.9811, 0.599762, 1, 0;
9428, rld, 3, 38, 13:07:17.572, 502.6647, -2.582027, -0.03885753, left, 0, 501.9149, 502.6647, 0.7497559, 1, 0;
9428, rld, 3, 39, 13:07:19.290, 504.3816, 2.482838, 0.03940865, right, 0.6, 503.6693, 504.3816, 0.7122803, 1, 0;
9428, rld, 3, 40, 13:07:21.490, 506.5819, -2.509836, -0.004094542, left, 0, 505.928, 506.5819, 0.6539001, 1, 0;
9428, rld, 3, 41, 13:07:23.173, 508.2655, -2.663562, 0.08383404, left, 0, 507.574, 508.2655, 0.6914978, 1, 0;
9428, rld, 3, 42, 13:07:24.774, 509.8658, 2.717744, -0.06493635, right, 0.6, 509.187, 509.8658, 0.6788025, 1, 0;
9428, rld, 3, 43, 13:07:27.079, 512.1703, -2.609166, -0.0038507, left, 0, 511.533, 512.1703, 0.6373291, 1, 0;
9428, rld, 3, 44, 13:07:28.766, 513.858, 2.709018, -0.003596039, right, 0.6, 513.1375, 513.858, 0.7205811, 1, 0;
9428, rld, 3, 45, 13:07:31.050, 516.1417, -2.645406, 0.004990277, left, 0, 515.467, 516.1417, 0.6746826, 1, 0;
9428, rld, 3, 46, 13:07:32.645, 517.7378, -2.681726, -0.04745384, left, 0, 517.0839, 517.7378, 0.6539307, 1, 0;
9428, rld, 3, 47, 13:07:34.405, 519.4964, 2.591075, -0.0126326, right, 0.6, 518.7009, 519.4964, 0.7955322, 1, 0;
9428, rld, 3, 48, 13:07:36.684, 521.7759, 2.727228, 0.01398894, right, 0.6, 521.1219, 521.7759, 0.6540527, 1, 0;
9428, rld, 3, 49, 13:07:38.901, 523.9929, -2.554922, 0.1007784, left, 0, 523.364, 523.9929, 0.6289673, 1, 0;
9428, rld, 3, 50, 13:07:40.652, 525.7432, 2.606145, -0.03007917, right, 0.6, 525.0018, 525.7432, 0.741333, 1, 0;
9428, rld, 3, 51, 13:07:42.814, 527.9061, 2.491802, 0.004576886, right, 0.6, 527.3146, 527.9061, 0.5914307, 1, 0;
9428, rld, 3, 52, 13:07:45.010, 530.1022, -2.609163, -0.04755451, left, 0, 529.4732, 530.1022, 0.6289673, 1, 0;
9428, rld, 3, 53, 13:07:46.752, 531.8441, 2.754582, -0.04735179, right, 0.6, 531.1568, 531.8441, 0.6873169, 1, 0;
9428, rld, 3, 54, 13:07:48.990, 534.082, -2.772821, 0.02291029, left, 0, 533.4614, 534.082, 0.6206055, 1, 0;
9428, rld, 3, 55, 13:07:50.707, 535.7989, 2.663463, 0.06632224, right, 0.6, 535.07, 535.7989, 0.7288818, 1, 0;
9428, rld, 3, 56, 13:07:53.128, 538.2201, 2.663575, -0.04748084, right, 0.6, 537.4244, 538.2201, 0.7956543, 1, 0;
9428, rld, 3, 57, 13:07:55.371, 540.4621, 2.402041, -0.03913253, right, 0.6, 539.8248, 540.4621, 0.6373291, 1, 0;
9428, rld, 3, 58, 13:07:57.609, 542.7, 2.870518, 0.005636706, right, 0.6, 542.0751, 542.7, 0.6248169, 1, 0;
9428, rld, 3, 59, 13:08:00.071, 545.1628, -2.51884, 0.08314748, left, 0, 544.513, 545.1628, 0.6497803, 1, 0;
9428, rld, 3, 60, 13:08:01.805, 546.8964, 2.651473, -0.003744097, right, 0.6, 546.3132, 546.8964, 0.5831909, 1, 0;
9428, rld, 4, 1, 13:08:34.643, 579.7347, 2.563966, 0.0309632, right, 0.6, 579.0096, 579.7347, 0.7251587, 1, 0;
9428, rld, 4, 2, 13:08:37.097, 582.1893, 2.83688, 0.07590524, right, 0.6, 581.3936, 582.1893, 0.7957153, 1, 0;
9428, rld, 4, 3, 13:08:39.581, 584.673, -2.636337, -0.07375856, left, 0, 583.7856, 584.673, 0.8873291, 1, 0;
9428, rld, 4, 4, 13:08:41.152, 586.244, -2.699904, 0.04895685, left, 0, 585.6484, 586.244, 0.5955811, 1, 0;
9428, rld, 4, 5, 13:08:42.744, 587.8359, 2.645427, 0.03124063, right, 0.6, 587.1821, 587.8359, 0.6538696, 1, 0;
9428, rld, 4, 6, 13:08:44.998, 590.0906, 2.92877, -0.08236312, right, 0.6, 589.4157, 590.0906, 0.6748657, 1, 0;
9428, rld, 4, 7, 13:08:47.374, 592.4658, 2.560958, -0.01302356, right, 0.6, 591.6743, 592.4658, 0.7915039, 1, 0;
9428, rld, 4, 8, 13:08:49.716, 594.8079, 2.855222, 0.1024021, right, 0.6, 594.0914, 594.8079, 0.7164917, 1, 0;
9428, rld, 4, 9, 13:08:52.108, 597.1999, 2.563931, 0.004768629, right, 0.6, 596.4125, 597.1999, 0.7873535, 1, 0;
9428, rld, 4, 10, 13:08:54.221, 599.3127, -2.645404, 0.03124068, left, 0, 598.7795, 599.3127, 0.5331421, 1, 0;
9428, rld, 4, 11, 13:08:55.696, 600.7879, -2.52785, -0.004050971, left, 0, 600.2839, 600.7879, 0.5039673, 1, 0;
9428, rld, 4, 12, 13:08:57.326, 602.4173, 2.709023, -0.01236056, right, 0.6, 601.7383, 602.4173, 0.6789551, 1, 0;
9428, rld, 4, 13, 13:09:00.647, 605.7386, 2.781976, -0.06487504, right, 0.6, 605.1389, 605.7386, 0.5997925, 1, 1;
9428, rld, 4, 14, 13:09:02.901, 607.9932, 2.618236, -0.0388001, right, 0.6, 607.3267, 607.9932, 0.6664429, 1, 0;
9428, rld, 4, 15, 13:09:05.085, 610.1768, 2.727237, 0.03152712, right, 0.6, 609.5978, 610.1768, 0.5789795, 1, 0;
9428, rld, 4, 16, 13:09:07.386, 612.4772, -2.38412, 0.02168726, left, 0, 611.8274, 612.4772, 0.6497803, 1, 0;
9428, rld, 4, 17, 13:09:09.152, 614.2441, -2.563945, -0.0214249, left, 0, 613.6151, 614.2441, 0.6290283, 1, 0;
9428, rld, 4, 18, 13:09:10.665, 615.7568, -2.618212, 0.004915318, left, 0, 615.2404, 615.7568, 0.5164185, 1, 0;
9428, rld, 4, 19, 13:09:12.119, 617.2112, -2.600106, -0.03008957, left, 0, 616.6865, 617.2112, 0.5247803, 1, 0;
9428, rld, 4, 20, 13:09:13.944, 619.0365, 2.763711, 0.02287941, right, 0.6, 618.2034, 619.0365, 0.8331299, 1, 0;
9428, rld, 4, 21, 13:09:16.219, 621.2827, -2.491822, 0.06558897, left, 0, 620.5912, 621.2827, 0.6914673, 1, 0;
9428, rld, 4, 22, 13:09:17.737, 622.8287, 2.663575, 0.04881176, right, 0.6, 622.2748, 622.8287, 0.553894, 1, 0;
9428, rld, 4, 23, 13:09:19.908, 624.9999, -2.772818, -0.04732526, left, 0, 624.4169, 624.9999, 0.5830688, 1, 0;
9428, rld, 4, 24, 13:09:21.421, 626.5126, 2.663576, -0.03872787, right, 0.6, 625.8545, 626.5126, 0.6581421, 1, 0;
9428, rld, 4, 25, 13:09:23.592, 628.6838, -2.572978, -0.02140648, left, 0, 628.1215, 628.6838, 0.5623169, 1, 0;
9428, rld, 4, 26, 13:09:25.167, 630.259, -2.482823, -0.04772331, left, 0, 629.5842, 630.259, 0.6748657, 1, 0;
9428, rld, 4, 27, 13:09:26.651, 631.7426, 2.800257, -0.06485625, right, 0.6, 631.101, 631.7426, 0.6416626, 1, 0;
9428, rld, 4, 28, 13:09:28.759, 633.8513, 2.45476, -0.06613974, right, 0.6, 633.2972, 633.8513, 0.5540161, 1, 0;
9428, rld, 4, 29, 13:09:30.860, 635.9516, -2.446876, 0.06540426, left, 0, 635.3601, 635.9516, 0.5914917, 1, 0;
9428, rld, 4, 30, 13:09:32.564, 637.656, 2.937985, 0.005839787, right, 0.6, 636.9437, 637.656, 0.7123413, 1, 0;
9428, rld, 4, 31, 13:09:34.694, 639.7855, 2.769799, -0.08244282, right, 0.6, 639.2191, 639.7855, 0.5664673, 1, 0;
9428, rld, 4, 32, 13:09:36.893, 641.9858, 2.800262, -0.02971419, right, 0.6, 641.3611, 641.9858, 0.6247559, 1, 0;
9428, rld, 4, 33, 13:09:39.086, 644.1778, -2.663551, 0.04005922, left, 0, 643.5905, 644.1778, 0.5872803, 1, 0;
9428, rld, 4, 34, 13:09:40.732, 645.8239, -2.681715, -0.09124121, left, 0, 645.1407, 645.8239, 0.6831665, 1, 0;
9428, rld, 4, 35, 13:09:42.440, 647.5325, -2.56394, -0.02142478, left, 0, 646.8077, 647.5325, 0.7247314, 1, 0;
9428, rld, 4, 36, 13:09:44.125, 649.2161, -2.563936, -0.03889013, left, 0, 648.5037, 649.2161, 0.7123413, 1, 0;
9428, rld, 4, 37, 13:09:45.662, 650.7538, 2.67266, -0.02120098, right, 0.6, 650.1541, 650.7538, 0.5997925, 1, 0;
9428, rld, 4, 38, 13:09:47.867, 652.9583, -2.864369, 0.04082792, left, 0, 652.3294, 652.9583, 0.6289063, 1, 0;
9428, rld, 4, 39, 13:09:49.571, 654.6628, 2.600133, -0.02135163, right, 0.6, 653.9088, 654.6628, 0.7540283, 1, 0;
9428, rld, 4, 40, 13:09:51.888, 656.9797, -2.609152, -0.02133304, left, 0, 656.2425, 656.9797, 0.7372437, 1, 0;
9428, rld, 4, 41, 13:09:53.609, 658.7009, 2.636363, -0.03002421, right, 0.6, 657.9135, 658.7009, 0.7873535, 1, 0;
9428, rld, 4, 42, 13:09:55.788, 660.8804, -2.654471, -0.01248759, left, 0, 660.2265, 660.8804, 0.6538696, 1, 0;
9428, rld, 4, 43, 13:09:57.506, 662.5973, -2.719112, -0.003569962, left, 0, 661.7933, 662.5973, 0.8039551, 1, 0;
9428, rld, 4, 44, 13:09:59.139, 664.2309, -2.645398, 0.08374535, left, 0, 663.5811, 664.2309, 0.6497803, 1, 0;
9428, rld, 4, 45, 13:10:00.772, 665.8644, 2.609173, -0.1175874, right, 0.6, 665.2063, 665.8644, 0.6581421, 1, 0;
9428, rld, 4, 46, 13:10:03.127, 668.219, -2.624245, -0.03004576, left, 0, 667.4526, 668.219, 0.7664185, 1, 0;
9428, rld, 4, 47, 13:10:04.719, 669.8109, 2.718134, -0.07370161, right, 0.6, 669.1195, 669.8109, 0.6913452, 1, 0;
9428, rld, 4, 48, 13:10:07.033, 672.1237, -2.699728, -0.01238245, left, 0, 671.4156, 672.1237, 0.7080688, 1, 0;
9428, rld, 4, 49, 13:10:08.686, 673.7781, 2.763718, -0.07366803, right, 0.6, 673.0784, 673.7781, 0.699707, 1, 0;
9428, rld, 4, 50, 13:10:10.870, 675.9619, -2.428921, -0.01298798, left, 0, 675.3495, 675.9619, 0.6123657, 1, 0;
9428, rld, 4, 51, 13:10:12.365, 677.4579, -2.591053, -0.01263291, left, 0, 676.8747, 677.4579, 0.5831909, 1, 0;
9428, rld, 4, 52, 13:10:14.187, 679.279, 2.554945, -0.03017078, right, 0.6, 678.3625, 679.279, 0.9164429, 1, 0;
9428, rld, 4, 53, 13:10:16.320, 681.4127, -2.663545, 0.04005868, left, 0, 680.8378, 681.4127, 0.5748291, 1, 0;
9428, rld, 4, 54, 13:10:17.854, 682.9462, -2.572972, -0.04760457, left, 0, 682.288, 682.9462, 0.6582031, 1, 0;
9428, rld, 4, 55, 13:10:19.458, 684.5506, 2.591087, -0.03884279, right, 0.6, 683.8341, 684.5506, 0.7164917, 1, 0;
9428, rld, 4, 56, 13:10:21.638, 686.7301, -2.581881, -0.003918351, left, 0, 686.1136, 686.7301, 0.6164551, 1, 0;
9428, rld, 4, 57, 13:10:23.197, 688.2887, 2.609186, 0.02237322, right, 0.6, 687.614, 688.2887, 0.6747437, 1, 0;
9428, rld, 4, 58, 13:10:25.276, 690.3682, -2.663546, -0.05623277, left, 0, 689.7933, 690.3682, 0.5748901, 1, 0;
9428, rld, 4, 59, 13:10:26.739, 691.8309, 2.745472, -0.03859218, right, 0.6, 691.2353, 691.8309, 0.5955811, 1, 0;
9428, rld, 4, 60, 13:10:28.785, 693.877, 2.609186, -0.03881364, right, 0.6, 693.3063, 693.877, 0.5707397, 1, 0;
9428, rld, 5, 1, 13:11:01.473, 726.5654, 2.690837, -0.01240324, right, 0.6, 725.8781, 726.5654, 0.6873169, 1, 0;
9428, rld, 5, 2, 13:11:03.666, 728.7573, -2.491814, -0.03899635, left, 0, 728.1575, 728.7573, 0.5997925, 1, 0;
9428, rld, 5, 3, 13:11:05.365, 730.4576, -2.636326, 0.01371351, left, 0, 729.8077, 730.4576, 0.6498413, 1, 0;
9428, rld, 5, 4, 13:11:07.061, 732.1537, 2.745471, -0.07368143, right, 0.6, 731.4247, 732.1537, 0.7289428, 1, 0;
9428, rld, 5, 5, 13:11:09.324, 734.4166, 2.690502, -0.02116325, right, 0.6, 733.7042, 734.4166, 0.7123413, 1, 0;
9428, rld, 5, 6, 13:11:11.604, 736.696, -2.627263, -0.003804864, left, 0, 736.0087, 736.696, 0.6873779, 1, 0;
9428, rld, 5, 7, 13:11:13.371, 738.463, 2.736357, -0.08245765, right, 0.6, 737.634, 738.463, 0.8289795, 1, 0;
9428, rld, 5, 8, 13:11:15.647, 740.7383, 2.7178, -0.01233934, right, 0.6, 740.0134, 740.7383, 0.7249146, 1, 0;
9428, rld, 5, 9, 13:11:17.784, 742.8762, 2.672664, -0.0124455, right, 0.6, 742.2971, 742.8762, 0.5790405, 1, 0;
9428, rld, 5, 10, 13:11:20.010, 745.1015, 2.554946, 0.02220322, right, 0.6, 744.4517, 745.1015, 0.6497803, 1, 0;
9428, rld, 5, 11, 13:11:22.206, 747.2977, 2.745436, 0.01404567, right, 0.6, 746.6479, 747.2977, 0.6497803, 1, 0;
9428, rld, 5, 12, 13:11:24.360, 749.4521, 2.709033, -0.06494442, right, 0.6, 748.8648, 749.4521, 0.5873413, 1, 0;
9428, rld, 5, 13, 13:11:26.456, 751.5483, 2.781985, -0.0385306, right, 0.6, 751.0152, 751.5483, 0.5330811, 1, 0;
9428, rld, 5, 14, 13:11:28.794, 753.8862, -2.699893, -0.0737126, left, 0, 753.1323, 753.8862, 0.7539063, 1, 0;
9428, rld, 5, 15, 13:11:30.478, 755.5698, -2.536858, 0.02214693, left, 0, 755.0533, 755.5698, 0.5164185, 1, 0;
9428, rld, 5, 16, 13:11:32.215, 757.3075, 2.482844, 0.03940824, right, 0.6, 756.5453, 757.3075, 0.762146, 1, 0;
9428, rld, 5, 17, 13:11:34.312, 759.4036, 2.554946, -0.003984475, right, 0.6, 758.7955, 759.4036, 0.6080933, 1, 0;
9428, rld, 5, 18, 13:11:36.512, 761.604, -2.563936, 0.03969543, left, 0, 760.8876, 761.604, 0.7164307, 1, 0;
9428, rld, 5, 19, 13:11:38.091, 763.1834, -2.708993, -0.003595651, left, 0, 762.592, 763.1834, 0.5914307, 1, 0;
9428, rld, 5, 20, 13:11:39.700, 764.792, -2.500816, -0.07384893, left, 0, 764.1422, 764.792, 0.6497803, 1, 0;
9428, rld, 5, 21, 13:11:41.284, 766.3755, -2.736172, 0.0315592, left, 0, 765.7341, 766.3755, 0.6414185, 1, 0;
9428, rld, 5, 22, 13:11:42.913, 768.0049, -2.600099, 0.05730609, left, 0, 767.3428, 768.0049, 0.6621704, 1, 0;
9428, rld, 5, 23, 13:11:44.338, 769.4302, -2.554909, 0.01347399, left, 0, 768.897, 769.4302, 0.5331421, 1, 0;
9428, rld, 5, 24, 13:11:45.918, 771.0096, 2.627298, -0.04752996, right, 0.6, 770.3265, 771.0096, 0.6830444, 1, 0;
9428, rld, 5, 25, 13:11:48.060, 773.1516, -2.509808, 0.04822307, left, 0, 772.5309, 773.1516, 0.6206055, 1, 0;
9428, rld, 5, 26, 13:11:50.627, 775.7186, -2.572973, 0.004793845, left, 0, 775.1313, 775.7186, 0.5873413, 1, 1;
9428, rld, 5, 27, 13:11:52.143, 777.2355, -2.645397, 0.03124055, left, 0, 776.6191, 777.2355, 0.6164551, 1, 0;
9428, rld, 5, 28, 13:11:53.664, 778.7566, -2.818532, 0.04064822, left, 0, 778.1652, 778.7566, 0.5913696, 1, 0;
9428, rld, 5, 29, 13:11:55.173, 780.2651, -2.672626, -0.03871203, left, 0, 779.6779, 780.2651, 0.5872192, 1, 0;
9428, rld, 5, 30, 13:11:56.770, 781.8612, 2.836887, -0.03843706, right, 0.6, 781.199, 781.8612, 0.6622314, 1, 0;
9428, rld, 5, 31, 13:11:58.957, 784.0491, -2.518831, 0.02209161, left, 0, 783.4451, 784.0491, 0.6039428, 1, 0;
9428, rld, 5, 32, 13:12:00.595, 785.6868, 2.67266, -0.08248826, right, 0.6, 785.0079, 785.6868, 0.678894, 1, 0;
9428, rld, 5, 33, 13:12:02.682, 787.7746, -2.554909, 0.004744592, left, 0, 787.2582, 787.7746, 0.5164185, 1, 0;
9428, rld, 5, 34, 13:12:04.216, 789.3082, 2.464857, -0.05645586, right, 0.6, 788.6501, 789.3082, 0.65802, 1, 0;
9428, rld, 5, 35, 13:12:06.466, 791.5585, 2.618239, -0.038799, right, 0.6, 790.8796, 791.5585, 0.6789551, 1, 0;
9428, rld, 5, 36, 13:12:08.654, 793.7463, -2.42892, 0.1001879, left, 0, 793.1216, 793.7463, 0.6246948, 1, 0;
9428, rld, 5, 37, 13:12:10.221, 795.3133, -2.500817, -0.01283306, left, 0, 794.7094, 795.3133, 0.6038818, 1, 0;
9428, rld, 5, 38, 13:12:11.663, 796.7551, 2.745432, -0.09122516, right, 0.6, 796.2096, 796.7551, 0.5455322, 1, 0;
9428, rld, 5, 39, 13:12:13.876, 798.968, 2.653496, -0.1087487, right, 0.6, 798.31, 798.968, 0.65802, 1, 0;
9428, rld, 5, 40, 13:12:16.018, 801.11, 2.663582, -0.08249182, right, 0.6, 800.5601, 801.11, 0.5498657, 1, 0;
9428, rld, 5, 41, 13:12:18.180, 803.2728, -2.627263, -0.02129514, left, 0, 802.6564, 803.2728, 0.6164551, 1, 0;
9428, rld, 5, 42, 13:12:19.639, 804.7314, -2.681711, -0.03869695, left, 0, 804.1733, 804.7314, 0.5580444, 1, 0;
9428, rld, 5, 43, 13:12:21.194, 806.2858, 2.508852, -0.02153351, right, 0.6, 805.6234, 806.2858, 0.6623535, 1, 0;
9428, rld, 5, 44, 13:12:23.352, 808.4445, -2.855191, 0.03199225, left, 0, 807.9238, 808.4445, 0.5206909, 1, 0;
9428, rld, 5, 45, 13:12:24.895, 809.9863, -2.663545, -0.01246655, left, 0, 809.3907, 809.9863, 0.5955811, 1, 0;
9428, rld, 5, 46, 13:12:26.465, 811.5574, 2.717108, -0.04740502, right, 0.6, 810.916, 811.5574, 0.6414185, 1, 0;
9428, rld, 5, 47, 13:12:28.591, 813.6827, -2.500815, 0.04819011, left, 0, 813.1205, 813.6827, 0.5621948, 1, 0;
9428, rld, 5, 48, 13:12:29.945, 815.0371, -2.47381, -0.03902418, left, 0, 814.554, 815.0371, 0.4830933, 1, 0;
9428, rld, 5, 49, 13:12:31.437, 816.529, 2.709036, -0.04741618, right, 0.6, 815.9083, 816.529, 0.6207275, 1, 0;
9428, rld, 5, 50, 13:12:33.695, 818.7877, 2.709032, -0.0386513, right, 0.6, 818.1087, 818.7877, 0.6789551, 1, 0;
9428, rld, 5, 51, 13:12:36.050, 821.1422, -2.554906, -0.003984214, left, 0, 820.3799, 821.1422, 0.7623291, 1, 0;
9428, rld, 5, 52, 13:12:38.546, 823.6384, -2.600092, -0.02135051, left, 0, 823.0137, 823.6384, 0.6247559, 1, 1;
9428, rld, 5, 53, 13:12:40.009, 825.1011, 2.727244, 0.005220115, right, 0.6, 824.5389, 825.1011, 0.5622559, 1, 0;
9428, rld, 5, 54, 13:12:42.147, 827.239, -2.745431, 0.02281856, left, 0, 826.6683, 827.239, 0.5706177, 1, 0;
9428, rld, 5, 55, 13:12:43.880, 828.9725, 2.600138, -0.1174753, right, 0.6, 828.2145, 828.9725, 0.7580566, 1, 0;
9428, rld, 5, 56, 13:12:46.027, 831.1187, -2.763678, -0.02989252, left, 0, 830.5273, 831.1187, 0.5913696, 1, 0;
9428, rld, 5, 57, 13:12:47.481, 832.5731, 2.615187, -0.02132087, right, 0.6, 831.9609, 832.5731, 0.6122437, 1, 0;
9428, rld, 5, 58, 13:12:49.585, 834.6776, 2.627304, -0.0562742, right, 0.6, 834.1445, 834.6776, 0.5331421, 1, 0;
9428, rld, 5, 59, 13:12:51.749, 836.8405, 2.65451, -0.02123862, right, 0.6, 836.2322, 836.8405, 0.6082153, 1, 0;
9428, rld, 5, 60, 13:12:53.978, 839.0699, 2.617238, 0.04863244, right, 0.6, 838.3994, 839.0699, 0.6705933, 1, 0;
9428, rld, 6, 1, 13:13:26.971, 872.0624, -2.690791, -0.1087584, left, 0, 871.3919, 872.0624, 0.6705322, 1, 0;
9428, rld, 6, 2, 13:13:28.566, 873.6585, -2.645386, -0.05625488, left, 0, 873.0463, 873.6585, 0.6121826, 1, 0;
9428, rld, 6, 3, 13:13:30.155, 875.2462, 2.651491, 0.01375786, right, 0.6, 874.5715, 875.2462, 0.6747437, 1, 0;
9428, rld, 6, 4, 13:13:32.364, 877.455, 2.636375, -0.07375998, right, 0.6, 876.8301, 877.455, 0.6248169, 1, 0;
9428, rld, 6, 5, 13:13:34.492, 879.5845, 2.938002, -0.05590068, right, 0.6, 878.9388, 879.5845, 0.6456299, 1, 0;
9428, rld, 6, 6, 13:13:36.863, 881.9556, -2.563927, -0.0126949, left, 0, 881.1225, 881.9556, 0.8330688, 1, 0;
9428, rld, 6, 7, 13:13:38.368, 883.46, -2.6817, -0.03869826, left, 0, 882.9144, 883.46, 0.5455933, 1, 0;
9428, rld, 6, 8, 13:13:39.935, 885.0269, 2.472835, 0.04808637, right, 0.6, 884.3271, 885.0269, 0.6997681, 1, 0;
9428, rld, 6, 9, 13:13:42.056, 887.1481, -2.690789, 0.02263673, left, 0, 886.5859, 887.1481, 0.5621948, 1, 0;
9428, rld, 6, 10, 13:13:43.602, 888.6941, -2.518805, -0.01279444, left, 0, 888.011, 888.6941, 0.6831055, 1, 0;
9428, rld, 6, 11, 13:13:45.099, 890.1902, 2.553949, -0.003988304, right, 0.6, 889.5404, 890.1902, 0.6497803, 1, 0;
9428, rld, 6, 12, 13:13:47.244, 892.3364, 2.599129, 0.040792, right, 0.6, 891.7782, 892.3364, 0.5581665, 1, 0;
9428, rld, 6, 13, 13:13:49.628, 894.72, -2.407655, -0.03042812, left, 0, 893.9036, 894.72, 0.8164063, 1, 0;
9428, rld, 6, 14, 13:13:51.040, 896.1328, -2.727194, 0.04029611, left, 0, 895.5829, 896.1328, 0.5498047, 1, 0;
9428, rld, 6, 15, 13:13:52.558, 897.6497, -2.482805, -0.03901274, left, 0, 896.9998, 897.6497, 0.6498413, 1, 0;
9428, rld, 6, 16, 13:13:54.029, 899.1207, -2.636315, 0.02245986, left, 0, 898.5543, 899.1207, 0.5664063, 1, 0;
9428, rld, 6, 17, 13:13:55.521, 900.6126, -2.663532, -0.0299753, left, 0, 900.0169, 900.6126, 0.5957031, 1, 0;
9428, rld, 6, 18, 13:13:57.025, 902.117, 2.699908, 0.005140709, right, 0.6, 901.5214, 902.117, 0.5956421, 1, 0;
9428, rld, 6, 19, 13:13:59.209, 904.3007, -2.473809, -0.07386699, left, 0, 903.6384, 904.3007, 0.6622314, 1, 0;
9428, rld, 6, 20, 13:14:00.638, 905.73, -2.681697, 0.01384831, left, 0, 905.1845, 905.73, 0.5455322, 1, 0;
9428, rld, 6, 21, 13:14:02.080, 907.1719, -2.681698, -0.00366825, left, 0, 906.5513, 907.1719, 0.6206665, 1, 0;
9428, rld, 6, 22, 13:14:03.538, 908.6305, -2.718085, 0.04902825, left, 0, 908.0015, 908.6305, 0.6290283, 1, 0;
9428, rld, 6, 23, 13:14:05.022, 910.114, -2.690788, 0.03139739, left, 0, 909.5226, 910.114, 0.5914307, 1, 0;
9428, rld, 6, 24, 13:14:06.898, 911.9893, -2.47381, 0.004529719, left, 0, 911.3771, 911.9893, 0.6121826, 1, 0;
9428, rld, 6, 25, 13:14:08.394, 913.4854, 2.615236, -0.02132159, right, 0.6, 912.8813, 913.4854, 0.6040649, 1, 0;
9428, rld, 6, 26, 13:14:10.523, 915.6149, -2.518813, 0.0046468, left, 0, 915.0734, 915.6149, 0.5414429, 1, 0;
9428, rld, 6, 27, 13:14:11.964, 917.0568, -2.627248, -0.0387866, left, 0, 916.4821, 917.0568, 0.574707, 1, 0;
9428, rld, 6, 28, 13:14:13.519, 918.6111, 2.600149, 0.02234428, right, 0.6, 917.8905, 918.6111, 0.7206421, 1, 0;
9428, rld, 6, 29, 13:14:15.678, 920.7698, 2.781998, 0.02294069, right, 0.6, 920.2075, 920.7698, 0.5623169, 1, 0;
9428, rld, 6, 30, 13:14:17.866, 922.9576, -2.402007, -0.02174181, left, 0, 922.3496, 922.9576, 0.6080322, 1, 0;
9428, rld, 6, 31, 13:14:19.375, 924.4662, 2.582019, -0.08253089, right, 0.6, 923.8039, 924.4662, 0.6622925, 1, 0;
9428, rld, 6, 32, 13:14:21.529, 926.6207, 2.891979, -0.02953411, right, 0.6, 926.0335, 926.6207, 0.5872192, 1, 0;
9428, rld, 6, 33, 13:14:23.666, 928.7585, 2.672674, -0.02995801, right, 0.6, 928.1963, 928.7585, 0.5622559, 1, 0;
9428, rld, 6, 34, 13:14:25.788, 930.8797, 2.590099, -0.04855283, right, 0.6, 930.3383, 930.8797, 0.5414429, 1, 0;
9428, rld, 6, 35, 13:14:28.030, 933.1217, -2.545864, 0.0658133, left, 0, 932.5136, 933.1217, 0.6080933, 1, 0;
9428, rld, 6, 36, 13:14:30.400, 935.4929, 2.919582, -0.06473921, right, 0.6, 934.8973, 935.4929, 0.5955811, 1, 1;
9428, rld, 6, 37, 13:14:32.601, 937.6932, 2.536802, -0.08255009, right, 0.6, 937.0602, 937.6932, 0.6330566, 1, 0;
9428, rld, 6, 38, 13:14:34.772, 939.8644, -2.473807, 0.01324123, left, 0, 939.2604, 939.8644, 0.6039428, 1, 0;
9428, rld, 6, 39, 13:14:36.260, 941.3521, -2.763663, 0.01410019, left, 0, 940.8566, 941.3521, 0.4954834, 1, 0;
9428, rld, 6, 40, 13:14:37.814, 942.9065, 2.554623, 0.02220098, right, 0.6, 942.1983, 942.9065, 0.7081909, 1, 0;
9428, rld, 6, 41, 13:14:40.173, 945.2652, -2.518814, -0.02151508, left, 0, 944.7029, 945.2652, 0.5622559, 1, 0;
9428, rld, 6, 42, 13:14:41.778, 946.8696, 2.781883, -0.02975098, right, 0.6, 946.1824, 946.8696, 0.6872559, 1, 0;
9428, rld, 6, 43, 13:14:43.974, 949.0658, -2.61819, -0.003829004, left, 0, 948.4827, 949.0658, 0.5830688, 1, 0;
9428, rld, 6, 44, 13:14:45.432, 950.5244, 2.545821, -0.06509443, right, 0.6, 949.9413, 950.5244, 0.5830688, 1, 0;
9428, rld, 6, 45, 13:14:47.520, 952.6122, -2.600083, 0.07478641, left, 0, 952.075, 952.6122, 0.5372314, 1, 0;
9428, rld, 6, 46, 13:14:48.909, 953.9999, -2.754539, 0.01407282, left, 0, 953.471, 953.9999, 0.5288696, 1, 0;
9428, rld, 6, 47, 13:14:50.424, 955.5168, 2.672565, 0.01382078, right, 0.6, 954.871, 955.5168, 0.645752, 1, 0;
9428, rld, 6, 48, 13:14:52.572, 957.6629, 2.562984, -0.03888815, right, 0.6, 957.1089, 957.6629, 0.5539551, 1, 0;
9428, rld, 6, 49, 13:14:54.663, 959.7549, 2.54592, -0.03891562, right, 0.6, 959.2343, 959.7549, 0.5205688, 1, 0;
9428, rld, 6, 50, 13:14:56.826, 961.9177, 2.618255, -0.02131448, right, 0.6, 961.3555, 961.9177, 0.5622559, 1, 0;
9428, rld, 6, 51, 13:14:58.934, 964.0097, -2.428904, 0.1262601, left, 0, 963.4891, 964.0097, 0.5205688, 1, 0;
9428, rld, 6, 52, 13:15:01.255, 966.3476, 2.855243, -0.064804, right, 0.6, 965.7478, 966.3476, 0.5997925, 1, 1;
9428, rld, 6, 53, 13:15:03.401, 968.4937, 2.518845, -0.02151563, right, 0.6, 967.8397, 968.4937, 0.6539917, 1, 0;
9428, rld, 6, 54, 13:15:05.548, 970.6399, 2.654409, -0.0651044, right, 0.6, 970.0401, 970.6399, 0.5997925, 1, 0;
9428, rld, 6, 55, 13:15:07.799, 972.8903, 2.690855, 0.03139791, right, 0.6, 972.2363, 972.8903, 0.6539917, 1, 0;
9428, rld, 6, 56, 13:15:10.007, 975.0989, 2.910376, 0.005754749, right, 0.6, 974.5033, 975.0989, 0.5956421, 1, 0;
9428, rld, 6, 57, 13:15:12.324, 977.4159, -2.690782, 0.02263583, left, 0, 976.7202, 977.4159, 0.6957397, 1, 0;
9428, rld, 6, 58, 13:15:13.708, 978.7994, -2.58199, 0.004815186, left, 0, 978.2789, 978.7994, 0.5205078, 1, 0;
9428, rld, 6, 59, 13:15:15.166, 980.258, 2.572913, -0.1087324, right, 0.6, 979.6458, 980.258, 0.6122437, 1, 0;
9428, rld, 6, 60, 13:15:17.275, 982.3667, 2.763621, -0.05611676, right, 0.6, 981.7711, 982.3667, 0.5956421, 1, 0;
9428, rld, 7, 1, 13:15:50.159, 1015.251, -2.781926, 0.07563668, left, 0, 1014.468, 1015.251, 0.7832031, 1, 0;
9428, rld, 7, 2, 13:15:52.055, 1017.147, 2.781999, 0.01415698, right, 0.6, 1016.268, 1017.147, 0.8790283, 1, 0;
9428, rld, 7, 3, 13:15:55.314, 1020.406, 2.744474, 0.04913506, right, 0.6, 1019.714, 1020.406, 0.6914063, 1, 1;
9428, rld, 7, 4, 13:15:57.343, 1022.435, 2.62631, 0.03117375, right, 0.6, 1021.981, 1022.435, 0.4539185, 1, 0;
9428, rld, 7, 5, 13:15:59.531, 1024.623, 2.562976, 0.03972496, right, 0.6, 1024.048, 1024.623, 0.574707, 1, 0;
9428, rld, 7, 6, 13:16:01.711, 1026.803, 2.617211, 0.0515451, right, 0.6, 1026.228, 1026.803, 0.574707, 1, 0;
9428, rld, 7, 7, 13:16:03.886, 1028.978, 2.745489, 0.005271559, right, 0.6, 1028.411, 1028.978, 0.5664063, 1, 0;
9428, rld, 7, 8, 13:16:06.091, 1031.182, -2.690779, -0.09999952, left, 0, 1030.583, 1031.182, 0.5997314, 1, 0;
9428, rld, 7, 9, 13:16:07.553, 1032.645, -2.654446, -0.03874315, left, 0, 1032.108, 1032.645, 0.5373535, 1, 0;
9428, rld, 7, 10, 13:16:09.003, 1034.095, 2.718155, 0.0139595, right, 0.6, 1033.525, 1034.095, 0.5706787, 1, 0;
9428, rld, 7, 11, 13:16:11.287, 1036.379, 2.678735, 0.005081759, right, 0.6, 1035.9, 1036.379, 0.4788818, 1, 0;
9428, rld, 7, 12, 13:16:13.425, 1038.517, -2.699872, -0.05619265, left, 0, 1037.934, 1038.517, 0.5830078, 1, 0;
9428, rld, 7, 13, 13:16:14.838, 1039.93, -2.600075, -0.04756774, left, 0, 1039.392, 1039.93, 0.5372314, 1, 0;
9428, rld, 7, 14, 13:16:16.267, 1041.359, -2.572948, -0.01267457, left, 0, 1040.776, 1041.359, 0.5831299, 1, 0;
9428, rld, 7, 15, 13:16:17.730, 1042.822, -2.518791, 0.01336895, left, 0, 1042.189, 1042.822, 0.6330566, 1, 0;
9428, rld, 7, 16, 13:16:19.192, 1044.284, 2.706019, -0.01236865, right, 0.6, 1043.655, 1044.284, 0.6290283, 1, 0;
9428, rld, 7, 17, 13:16:21.697, 1046.789, -2.45279, 0.01318195, left, 0, 1046.198, 1046.789, 0.5913086, 1, 0;
9428, rld, 7, 18, 13:16:23.043, 1048.135, -2.70897, 0.005166761, left, 0, 1047.673, 1048.135, 0.4624023, 1, 0;
9428, rld, 7, 19, 13:16:24.405, 1049.498, 2.791031, -0.06486686, right, 0.6, 1048.994, 1049.498, 0.5039063, 1, 0;
9428, rld, 7, 20, 13:16:26.460, 1051.552, -2.791061, -0.01216615, left, 0, 1051.036, 1051.552, 0.5163574, 1, 0;
9428, rld, 7, 21, 13:16:27.814, 1052.907, -2.491792, -0.07385643, left, 0, 1052.382, 1052.907, 0.5247803, 1, 0;
9428, rld, 7, 22, 13:16:29.436, 1054.528, -2.57293, -0.02136982, left, 0, 1053.761, 1054.528, 0.7664795, 1, 0;
9428, rld, 7, 23, 13:16:31.040, 1056.132, -2.600075, 0.03108394, left, 0, 1055.666, 1056.132, 0.4664307, 1, 0;
9428, rld, 7, 24, 13:16:32.440, 1057.532, -2.464812, -0.08258267, left, 0, 1056.962, 1057.532, 0.5705566, 1, 0;
9428, rld, 7, 25, 13:16:33.882, 1058.974, -2.479797, -0.004167319, left, 0, 1058.408, 1058.974, 0.5664063, 1, 0;
9428, rld, 7, 26, 13:16:35.229, 1060.32, -2.464814, -0.07387384, left, 0, 1059.812, 1060.32, 0.5081787, 1, 0;
9428, rld, 7, 27, 13:16:36.571, 1061.662, -2.608082, 0.004886696, left, 0, 1061.154, 1061.662, 0.5080566, 1, 0;
9428, rld, 7, 28, 13:16:38.029, 1063.121, 2.717142, 0.03148593, right, 0.6, 1062.471, 1063.121, 0.6497803, 1, 0;
9428, rld, 7, 29, 13:16:40.329, 1065.421, -2.33045, -0.03923674, left, 0, 1064.729, 1065.421, 0.6914063, 0, 0;
9428, rld, 7, 30, 13:16:41.829, 1066.921, 2.662533, -0.02122298, right, 0.6, 1066.246, 1066.921, 0.6748047, 1, 0;
9428, rld, 7, 31, 13:16:43.989, 1069.08, -2.52782, 0.02211832, left, 0, 1068.493, 1069.08, 0.5871582, 1, 0;
9428, rld, 7, 32, 13:16:45.247, 1070.338, -2.708971, -0.06494477, left, 0, 1069.918, 1070.338, 0.4206543, 1, 0;
9428, rld, 7, 33, 13:16:46.759, 1071.851, 2.627317, -0.04753203, right, 0.6, 1071.185, 1071.851, 0.6665039, 1, 0;
9428, rld, 7, 34, 13:16:49.001, 1074.093, -2.393044, 0.02171191, left, 0, 1073.518, 1074.093, 0.5748291, 1, 0;
9428, rld, 7, 35, 13:16:51.352, 1076.443, 2.918561, 0.06749341, right, 0.6, 1075.823, 1076.443, 0.6206055, 1, 1;
9428, rld, 7, 36, 13:16:53.560, 1078.652, 2.563647, 0.06006716, right, 0.6, 1078.048, 1078.652, 0.6038818, 1, 0;
9428, rld, 7, 37, 13:16:55.752, 1080.844, -2.672601, 0.05760314, left, 0, 1080.273, 1080.844, 0.5706787, 1, 0;
9428, rld, 7, 38, 13:16:58.049, 1083.14, -2.763657, -0.003454269, left, 0, 1082.582, 1083.14, 0.5581055, 1, 1;
9428, rld, 7, 39, 13:16:59.578, 1084.67, 2.709047, -0.01236326, right, 0.6, 1084.028, 1084.67, 0.6414795, 1, 0;
9428, rld, 7, 40, 13:17:01.691, 1086.783, -2.618181, -0.02131528, left, 0, 1086.245, 1086.783, 0.5373535, 1, 0;
9428, rld, 7, 41, 13:17:03.195, 1088.287, 2.636384, 0.00496446, right, 0.6, 1087.67, 1088.287, 0.6165771, 1, 0;
9428, rld, 7, 42, 13:17:05.420, 1090.512, 2.67257, 0.04884604, right, 0.6, 1089.846, 1090.512, 0.6665039, 1, 0;
9428, rld, 7, 43, 13:17:07.550, 1092.642, -2.600057, 0.0136039, left, 0, 1092.034, 1092.642, 0.6080322, 1, 0;
9428, rld, 7, 44, 13:17:09.072, 1094.163, 2.545938, -0.04764148, right, 0.6, 1093.555, 1094.163, 0.6081543, 1, 0;
9428, rld, 7, 45, 13:17:11.167, 1096.259, 2.864425, -0.04719279, right, 0.6, 1095.747, 1096.259, 0.5123291, 1, 0;
9428, rld, 7, 46, 13:17:13.313, 1098.405, 2.772868, 0.03168897, right, 0.6, 1097.872, 1098.405, 0.532959, 1, 0;
9428, rld, 7, 47, 13:17:15.614, 1100.705, 2.696921, -0.02115191, right, 0.6, 1100.014, 1100.705, 0.6914063, 1, 0;
9428, rld, 7, 48, 13:17:17.847, 1102.939, 2.654489, -0.03874274, right, 0.6, 1102.385, 1102.939, 0.5539551, 1, 0;
9428, rld, 7, 49, 13:17:20.181, 1105.273, 2.882793, -0.003134698, right, 0.6, 1104.631, 1105.273, 0.6414795, 1, 0;
9428, rld, 7, 50, 13:17:23.511, 1108.603, -2.482794, -0.01287336, left, 0, 1107.969, 1108.603, 0.6330566, 1, 1;
9428, rld, 7, 51, 13:17:24.960, 1110.053, 2.663491, -0.01246913, right, 0.6, 1109.411, 1110.053, 0.6414795, 1, 0;
9428, rld, 7, 52, 13:17:27.170, 1112.261, 2.809322, -0.03848634, right, 0.6, 1111.632, 1112.261, 0.6289063, 1, 0;
9428, rld, 7, 53, 13:17:29.391, 1114.483, 3.002656, 0.006037311, right, 0.6, 1113.891, 1114.483, 0.5914307, 1, 0;
9428, rld, 7, 54, 13:17:31.575, 1116.666, 2.715121, -0.003582404, right, 0.6, 1116.046, 1116.666, 0.6206055, 1, 0;
9428, rld, 7, 55, 13:17:33.679, 1118.771, -2.545858, 0.07454246, left, 0, 1118.25, 1118.771, 0.5206299, 1, 0;
9428, rld, 7, 56, 13:17:35.133, 1120.225, -2.636303, 0.004963917, left, 0, 1119.617, 1120.225, 0.6080322, 1, 0;
9428, rld, 7, 57, 13:17:36.600, 1121.692, 2.809435, -0.03848604, right, 0.6, 1121.088, 1121.692, 0.6038818, 1, 0;
9428, rld, 7, 58, 13:17:38.767, 1123.859, -2.37514, 0.03904131, left, 0, 1123.284, 1123.859, 0.574707, 1, 0;
9428, rld, 7, 59, 13:17:40.518, 1125.609, -2.509798, -0.04768927, left, 0, 1125.08, 1125.609, 0.5289307, 1, 0;
9428, rld, 7, 60, 13:17:41.972, 1127.064, 2.827728, -0.02966219, right, 0.6, 1126.468, 1127.064, 0.5955811, 1, 0;
9428, rld, 8, 1, 13:18:14.893, 1159.985, -2.591016, -0.01263464, left, 0, 1159.235, 1159.985, 0.7498779, 1, 0;
9428, rld, 8, 2, 13:18:16.456, 1161.548, -2.681689, -0.09999963, left, 0, 1160.869, 1161.548, 0.6790771, 1, 0;
9428, rld, 8, 3, 13:18:17.890, 1162.982, -2.910299, -0.01187182, left, 0, 1162.398, 1162.982, 0.5831299, 1, 0;
9428, rld, 8, 4, 13:18:19.423, 1164.515, -2.618181, -0.003829659, left, 0, 1163.861, 1164.515, 0.6539307, 1, 0;
9428, rld, 8, 5, 13:18:21.056, 1166.149, 2.53688, 0.04832241, right, 0.6, 1165.361, 1166.149, 0.7873535, 1, 0;
9428, rld, 8, 6, 13:18:23.390, 1168.483, -2.618181, 0.022401, left, 0, 1167.72, 1168.483, 0.7624512, 1, 0;
9428, rld, 8, 7, 13:18:24.766, 1169.858, -2.681688, -0.03869934, left, 0, 1169.354, 1169.858, 0.5039063, 1, 0;
9428, rld, 8, 8, 13:18:26.179, 1171.27, -2.464812, -0.02162201, left, 0, 1170.721, 1171.27, 0.5496826, 1, 0;
9428, rld, 8, 9, 13:18:27.699, 1172.791, 2.627322, -0.003807039, right, 0.6, 1172.125, 1172.791, 0.6663818, 1, 0;
9428, rld, 8, 10, 13:18:29.841, 1174.933, 2.591111, 0.01357773, right, 0.6, 1174.288, 1174.933, 0.645752, 1, 0;
9428, rld, 8, 11, 13:18:32.025, 1177.117, -2.500792, 0.03075201, left, 0, 1176.463, 1177.117, 0.6539307, 1, 0;
9428, rld, 8, 12, 13:18:33.446, 1178.538, 2.800274, -0.02093055, right, 0.6, 1177.959, 1178.538, 0.5788574, 1, 0;
9428, rld, 8, 13, 13:18:35.559, 1180.651, -2.636304, 0.0137117, left, 0, 1180.072, 1180.651, 0.5789795, 1, 0;
9428, rld, 8, 14, 13:18:37.393, 1182.485, 2.782002, -0.06487648, right, 0.6, 1181.889, 1182.485, 0.5957031, 1, 0;
9428, rld, 8, 15, 13:18:39.476, 1184.568, -2.609126, -0.03881664, left, 0, 1184.01, 1184.568, 0.5581055, 1, 0;
9428, rld, 8, 16, 13:18:40.972, 1186.064, 2.873568, -0.0207685, right, 0.6, 1185.419, 1186.064, 0.645752, 1, 0;
9428, rld, 8, 17, 13:18:43.044, 1188.135, 2.881771, -0.01194451, right, 0.6, 1187.615, 1188.135, 0.5205078, 1, 0;
9428, rld, 8, 18, 13:18:45.360, 1190.452, 2.581054, 0.004812944, right, 0.6, 1189.74, 1190.452, 0.7122803, 1, 0;
9428, rld, 8, 19, 13:18:47.391, 1192.482, 2.660571, 0.01378307, right, 0.6, 1192.02, 1192.482, 0.4624023, 1, 0;
9428, rld, 8, 20, 13:18:49.465, 1194.557, 2.636384, -0.05626613, right, 0.6, 1194.028, 1194.557, 0.5288086, 1, 0;
9428, rld, 8, 21, 13:18:51.561, 1196.653, 2.855247, -0.0120104, right, 0.6, 1196.037, 1196.653, 0.6164551, 1, 0;
9428, rld, 8, 22, 13:18:53.675, 1198.766, -2.500754, 0.03085837, left, 0, 1198.15, 1198.766, 0.6165771, 1, 0;
9428, rld, 8, 23, 13:18:55.074, 1200.167, -2.699874, -0.003622354, left, 0, 1199.662, 1200.167, 0.5040283, 1, 0;
9428, rld, 8, 24, 13:18:56.550, 1201.642, 2.724226, 0.01397751, right, 0.6, 1201.021, 1201.642, 0.6206055, 1, 0;
9428, rld, 8, 25, 13:18:58.579, 1203.671, -2.563914, -0.04761769, left, 0, 1203.138, 1203.671, 0.5332031, 1, 0;
9428, rld, 8, 26, 13:19:00.288, 1205.38, -2.581987, 0.004815425, left, 0, 1204.884, 1205.38, 0.4956055, 1, 0;
9428, rld, 8, 27, 13:19:01.713, 1206.805, -2.809355, -0.003334166, left, 0, 1206.264, 1206.805, 0.5412598, 1, 0;
9428, rld, 8, 28, 13:19:03.172, 1208.263, 2.572023, 0.03098802, right, 0.6, 1207.68, 1208.263, 0.5831299, 1, 0;
9428, rld, 8, 29, 13:19:05.184, 1210.276, 2.681768, 0.01384795, right, 0.6, 1209.806, 1210.276, 0.4705811, 1, 0;
9428, rld, 8, 30, 13:19:07.223, 1212.314, 2.533898, 0.004685638, right, 0.6, 1211.81, 1212.314, 0.5039063, 1, 0;
9428, rld, 8, 31, 13:19:09.235, 1214.327, 2.618262, -0.03005817, right, 0.6, 1213.798, 1214.327, 0.5289307, 1, 0;
9428, rld, 8, 32, 13:19:11.227, 1216.319, -2.473801, -0.01289344, left, 0, 1215.84, 1216.319, 0.4788818, 1, 0;
9428, rld, 8, 33, 13:19:12.932, 1218.023, -2.500661, 0.01331631, left, 0, 1217.549, 1218.023, 0.4747314, 1, 0;
9428, rld, 8, 34, 13:19:14.319, 1219.411, -2.727063, 0.06075655, left, 0, 1218.928, 1219.411, 0.4830322, 1, 0;
9428, rld, 8, 35, 13:19:15.778, 1220.87, -2.61818, -0.1087427, left, 0, 1220.274, 1220.87, 0.5955811, 1, 0;
9428, rld, 8, 36, 13:19:17.307, 1222.399, 2.754613, -0.02102988, right, 0.6, 1221.749, 1222.399, 0.6497803, 1, 0;
9428, rld, 8, 37, 13:19:19.615, 1224.708, 2.609206, 0.02237177, right, 0.6, 1224.233, 1224.708, 0.4748535, 1, 0;
9428, rld, 8, 38, 13:19:22.471, 1227.562, 2.809434, -0.02091131, right, 0.6, 1227.05, 1227.562, 0.512207, 1, 1;
9428, rld, 8, 39, 13:19:24.408, 1229.5, -2.52782, 0.05701224, left, 0, 1229.017, 1229.5, 0.4830322, 1, 0;
9428, rld, 8, 40, 13:19:25.734, 1230.825, -2.446846, 0.02187013, left, 0, 1230.38, 1230.825, 0.4454346, 1, 0;
9428, rld, 8, 41, 13:19:27.151, 1232.242, 2.560983, 0.004757869, right, 0.6, 1231.667, 1232.242, 0.5748291, 1, 0;
9428, rld, 8, 42, 13:19:29.131, 1234.222, -3.132604, -0.04677786, left, 0, 1233.705, 1234.222, 0.5166016, 0, 0;
9428, rld, 8, 43, 13:19:30.626, 1235.718, -2.527819, -0.03022147, left, 0, 1235.189, 1235.718, 0.5289307, 1, 0;
9428, rld, 8, 44, 13:19:31.992, 1237.084, -2.500675, -0.02155281, left, 0, 1236.572, 1237.084, 0.512085, 1, 0;
9428, rld, 8, 45, 13:19:33.410, 1238.501, 2.681765, 0.0138473, right, 0.6, 1237.943, 1238.501, 0.5582275, 1, 0;
9428, rld, 8, 46, 13:19:35.418, 1240.51, 2.590771, -0.003899084, right, 0.6, 1239.977, 1240.51, 0.5332031, 1, 0;
9428, rld, 8, 47, 13:19:37.410, 1242.502, 2.517875, -0.03895996, right, 0.6, 1241.961, 1242.502, 0.5413818, 1, 0;
9428, rld, 8, 48, 13:19:39.431, 1244.523, 2.763703, -0.1000008, right, 0.6, 1244.028, 1244.523, 0.4956055, 1, 0;
9428, rld, 8, 49, 13:19:41.565, 1246.657, -2.554877, 0.004741584, left, 0, 1245.965, 1246.657, 0.6914063, 1, 0;
9428, rld, 8, 50, 13:19:44.236, 1249.328, -2.708966, 0.03146031, left, 0, 1248.803, 1249.328, 0.5246582, 1, 1;
9428, rld, 8, 51, 13:19:45.712, 1250.803, 3.15135, -0.09112527, right, 0.6, 1250.245, 1250.803, 0.5581055, 0, 0;
9428, rld, 8, 52, 13:19:47.883, 1252.974, 2.636278, -0.01253161, right, 0.6, 1252.341, 1252.974, 0.6330566, 1, 0;
9428, rld, 8, 53, 13:19:49.892, 1254.983, -2.609121, 0.05733995, left, 0, 1254.425, 1254.983, 0.5579834, 1, 0;
9428, rld, 8, 54, 13:19:51.342, 1256.433, -2.754526, -0.07367792, left, 0, 1255.838, 1256.433, 0.5957031, 1, 0;
9428, rld, 8, 55, 13:19:52.879, 1257.971, 2.699946, -0.04743133, right, 0.6, 1257.296, 1257.971, 0.6746826, 1, 0;
9428, rld, 8, 56, 13:19:54.967, 1260.059, 2.536549, 0.02214335, right, 0.6, 1259.455, 1260.059, 0.6038818, 1, 0;
9428, rld, 8, 57, 13:19:57.005, 1262.097, 2.497863, -0.004125738, right, 0.6, 1261.514, 1262.097, 0.5831299, 1, 0;
9428, rld, 8, 58, 13:19:59.438, 1264.53, -2.437865, -0.0129714, left, 0, 1263.96, 1264.53, 0.5706787, 1, 0;
9428, rld, 8, 59, 13:20:01.268, 1266.36, 2.846069, 0.02315711, right, 0.6, 1265.502, 1266.36, 0.8581543, 1, 0;
9428, rld, 8, 60, 13:20:03.322, 1268.414, -2.554873, -0.03890134, left, 0, 1267.814, 1268.414, 0.5998535, 1, 0;
